<edmx:Edmx xmlns:edmx="http://schemas.microsoft.com/ado/2007/06/edmx"
	xmlns:m="http://schemas.microsoft.com/ado/2007/08/dataservices/metadata" xmlns:sap="http://www.sap.com/Protocols/SAPData" Version="1.0">
	<edmx:DataServices m:DataServiceVersion="2.0">
		<Schema xmlns="http://schemas.microsoft.com/ado/2008/09/edm" Namespace="ZFAR_JPMC_CCLAIM_SRV" xml:lang="en" sap:schema-version="1">
			<EntityType Name="OperatingCashClaim" sap:content-version="1">
				<Key><PropertyRef Name="Runid"/><PropertyRef Name="Filedate"/><PropertyRef Name="Budat"/></Key><Property Name="Runid" Type="Edm.String" Nullable="false" MaxLength="10" sap:unicode="false" sap:label="Run indicator" sap:creatable="false"
					sap:updatable="false" sap:sortable="false" sap:filterable="false"/><Property Name="Filedate" Type="Edm.DateTime" Nullable="false" Precision="7" sap:unicode="false" sap:label="File Date" sap:creatable="false"
					sap:updatable="false" sap:sortable="false" sap:filterable="false"/><Property Name="ZbcRecCnt" Type="Edm.String" Nullable="false" MaxLength="6" sap:unicode="false" sap:label="Record Count"
					sap:creatable="false" sap:updatable="false" sap:sortable="false" sap:filterable="false"/><Property Name="Bukrs" Type="Edm.String" Nullable="false" MaxLength="4" sap:unicode="false" sap:label="Company Code" sap:creatable="false"
					sap:updatable="false" sap:sortable="false" sap:filterable="false"/><Property Name="Gjahr" Type="Edm.String" Nullable="false" MaxLength="4" sap:unicode="false" sap:label="Fiscal Year" sap:creatable="false"
					sap:updatable="false" sap:sortable="false" sap:filterable="false"/><Property Name="Budat" Type="Edm.DateTime" Nullable="false" Precision="7" sap:unicode="false" sap:label="Posting Date" sap:creatable="false"
					sap:updatable="false" sap:sortable="false" sap:filterable="false"/><Property Name="Totcr" Type="Edm.Decimal" Nullable="false" Precision="14" Scale="3" sap:unicode="false" sap:label="Amount"
					sap:creatable="false" sap:updatable="false" sap:sortable="false" sap:filterable="false"/><Property Name="Totdr" Type="Edm.Decimal" Nullable="false" Precision="14" Scale="3" sap:unicode="false" sap:label="Amount"
					sap:creatable="false" sap:updatable="false" sap:sortable="false" sap:filterable="false"/><Property Name="Zcreby" Type="Edm.String" Nullable="false" MaxLength="12" sap:unicode="false" sap:label="Entered By" sap:creatable="false"
					sap:updatable="false" sap:sortable="false" sap:filterable="false"/><Property Name="Zcreat" Type="Edm.Decimal" Nullable="false" Precision="15" Scale="0" sap:unicode="false" sap:label="Created at"
					sap:creatable="false" sap:updatable="false" sap:sortable="false" sap:filterable="false"/><Property Name="Zcredate" Type="Edm.DateTime" Nullable="false" Precision="7" sap:unicode="false" sap:label="Date" sap:creatable="false"
					sap:updatable="false" sap:sortable="false" sap:filterable="false"/></EntityType>
			<EntityType Name="BankAccounts" sap:content-version="1">
				<Key><PropertyRef Name="ZbcBankId"/><PropertyRef Name="ZbcAccNo"/></Key><Property Name="ZbcBankId" Type="Edm.String" Nullable="false" MaxLength="12" sap:unicode="false" sap:label="Bank ID" sap:creatable="false"
					sap:updatable="false" sap:sortable="false" sap:filterable="false"/><Property Name="ZbcAccNo" Type="Edm.String" Nullable="false" MaxLength="35" sap:unicode="false" sap:label="Account Number"
					sap:creatable="false" sap:updatable="false" sap:sortable="false" sap:filterable="false"/></EntityType>
			<EntityType Name="BankRules" sap:content-version="1">
				<Key><PropertyRef Name="ZbcBankId"/><PropertyRef Name="ZbcAccNo"/><PropertyRef Name="ZbcRecType"/><PropertyRef Name="ZbcBaiCode"/><PropertyRef Name="ZbcTranType"/><PropertyRef Name="ZbcRemrkNo"/><PropertyRef Name="ZbcRemrkPrefix"/><PropertyRef Name="ZbcOpti"/><PropertyRef Name="ZbcRemrk"/></Key><Property Name="Mandt" Type="Edm.String" Nullable="false" MaxLength="3" sap:unicode="false" sap:label="Client" sap:creatable="false"
					sap:updatable="false" sap:sortable="false" sap:filterable="false"/><Property Name="ZbcBankId" Type="Edm.String" Nullable="false" MaxLength="12" sap:unicode="false" sap:label="Bank ID" sap:creatable="false"
					sap:updatable="false" sap:sortable="false" sap:filterable="false"/><Property Name="ZbcAccNo" Type="Edm.String" Nullable="false" MaxLength="35" sap:unicode="false" sap:label="Account Number"
					sap:creatable="false" sap:updatable="false" sap:sortable="false" sap:filterable="false"/><Property Name="ZbcRecType" Type="Edm.String" Nullable="false" MaxLength="1" sap:unicode="false" sap:label="Record Type"
					sap:creatable="false" sap:updatable="false" sap:sortable="false" sap:filterable="false"/><Property Name="ZbcBaiCode" Type="Edm.String" Nullable="false" MaxLength="4" sap:unicode="false" sap:label="BAI Code" sap:creatable="false"
					sap:updatable="false" sap:sortable="false" sap:filterable="false"/><Property Name="ZbcTranType" Type="Edm.String" Nullable="false" MaxLength="4" sap:unicode="false" sap:label="Transaction Type"
					sap:creatable="false" sap:updatable="false" sap:sortable="false" sap:filterable="false"/><Property Name="ZbcRemrkNo" Type="Edm.String" Nullable="false" MaxLength="2" sap:unicode="false" sap:label="Remark Number"
					sap:creatable="false" sap:updatable="false" sap:sortable="false" sap:filterable="false"/><Property Name="ZbcRemrkPrefix" Type="Edm.String" Nullable="false" MaxLength="50" sap:unicode="false" sap:label="Remark Prefix"
					sap:creatable="false" sap:updatable="false" sap:sortable="false" sap:filterable="false"/><Property Name="ZbcOpti" Type="Edm.String" Nullable="false" MaxLength="2" sap:unicode="false" sap:label="Cash Claim Options"
					sap:creatable="false" sap:updatable="false" sap:sortable="false" sap:filterable="false"/><Property Name="ZbcRemrk" Type="Edm.String" Nullable="false" MaxLength="200" sap:unicode="false" sap:label="Remark" sap:creatable="false"
					sap:updatable="false" sap:sortable="false" sap:filterable="false"/><Property Name="Saknr" Type="Edm.String" Nullable="false" MaxLength="10" sap:unicode="false" sap:label="G/L Account" sap:creatable="false"
					sap:updatable="false" sap:sortable="false" sap:filterable="false"/><Property Name="Geber" Type="Edm.String" Nullable="false" MaxLength="10" sap:unicode="false" sap:label="Fund" sap:creatable="false"
					sap:updatable="false" sap:sortable="false" sap:filterable="false"/></EntityType>
			<EntityType Name="BCDtl" sap:content-version="1">
				<Key><PropertyRef Name="Runid"/><PropertyRef Name="LineNumber"/></Key><Property Name="Runid" Type="Edm.String" Nullable="false" MaxLength="10" sap:unicode="false" sap:label="Run indicator" sap:creatable="false"
					sap:updatable="false" sap:sortable="false" sap:filterable="false"/><Property Name="LineNumber" Type="Edm.String" Nullable="false" MaxLength="5" sap:unicode="false" sap:label="Line Number"
					sap:creatable="false" sap:updatable="false" sap:sortable="false" sap:filterable="false"/><Property Name="LineNo" Type="Edm.String" Nullable="false" MaxLength="4" sap:unicode="false" sap:label="Processable Record line number"
					sap:creatable="false" sap:sortable="false" sap:filterable="false"/><Property Name="ZbcValueDate" Type="Edm.DateTime" Precision="0" sap:unicode="false" sap:label="Value Date" sap:creatable="false"
					sap:sortable="false" sap:filterable="false"/><Property Name="Wrbtr" Type="Edm.Decimal" Nullable="false" Precision="14" Scale="3" sap:unicode="false" sap:unit="Waers" sap:label="Amount"
					sap:creatable="false" sap:sortable="false" sap:filterable="false"/><Property Name="Waers" Type="Edm.String" Nullable="false" MaxLength="5" sap:unicode="false" sap:label="Currency" sap:creatable="false"
					sap:sortable="false" sap:filterable="false" sap:semantics="currency-code"/><Property Name="ZbcDesc" Type="Edm.String" Nullable="false" MaxLength="200" sap:unicode="false" sap:label="Description"
					sap:creatable="false" sap:sortable="false" sap:filterable="false"/><Property Name="ZbcCustRef" Type="Edm.String" Nullable="false" MaxLength="30" sap:unicode="false" sap:label="Customer Reference"
					sap:creatable="false" sap:sortable="false" sap:filterable="false"/><Property Name="ZbcBankRef" Type="Edm.String" Nullable="false" MaxLength="20" sap:unicode="false" sap:label="Bank Reference"
					sap:creatable="false" sap:sortable="false" sap:filterable="false"/><Property Name="ZbcRecType" Type="Edm.String" Nullable="false" MaxLength="1" sap:unicode="false" sap:label="Record Type"
					sap:creatable="false" sap:sortable="false" sap:filterable="false"/><Property Name="ZbcTranType" Type="Edm.String" Nullable="false" MaxLength="4" sap:unicode="false" sap:label="Transaction Type"
					sap:creatable="false" sap:sortable="false" sap:filterable="false"/><Property Name="ZbcRemrk01" Type="Edm.String" Nullable="false" MaxLength="200" sap:unicode="false" sap:label="Remark" sap:creatable="false"
					sap:sortable="false" sap:filterable="false"/><Property Name="ZbcDocgrp" Type="Edm.String" Nullable="false" MaxLength="15" sap:unicode="false" sap:label="Document Group"
					sap:creatable="false" sap:sortable="false" sap:filterable="false"/><Property Name="Saknr" Type="Edm.String" Nullable="false" MaxLength="10" sap:unicode="false" sap:label="G/L Account" sap:creatable="false"
					sap:sortable="false" sap:filterable="false"/><Property Name="Geber" Type="Edm.String" Nullable="false" MaxLength="10" sap:unicode="false" sap:label="Fund" sap:creatable="false"
					sap:sortable="false" sap:filterable="false"/><Property Name="Belnr" Type="Edm.String" Nullable="false" MaxLength="10" sap:unicode="false" sap:label="Document Number"
					sap:creatable="false" sap:sortable="false" sap:filterable="false"/><Property Name="Buzei" Type="Edm.String" Nullable="false" MaxLength="3" sap:unicode="false" sap:label="Line item" sap:creatable="false"
					sap:sortable="false" sap:filterable="false"/><Property Name="Zupdby" Type="Edm.String" Nullable="false" MaxLength="12" sap:unicode="false" sap:label="Updated BY" sap:creatable="false"
					sap:sortable="false" sap:filterable="false"/><Property Name="ReadOnly" Type="Edm.String" Nullable="false" MaxLength="1" sap:unicode="false" sap:label="Boolean" sap:creatable="false"
					sap:sortable="false" sap:filterable="false"/><Property Name="AutoDtr" Type="Edm.String" Nullable="false" MaxLength="1" sap:unicode="false" sap:label="Auto determined from Posting Rules"
					sap:creatable="false" sap:sortable="false" sap:filterable="false"/><Property Name="RemrkDisp" Type="Edm.String" Nullable="false" MaxLength="5" sap:unicode="false" sap:label="Remark Display"
					sap:creatable="false" sap:updatable="false" sap:sortable="false" sap:filterable="false"/><Property Name="ItemStatus" Type="Edm.String" Nullable="false" MaxLength="1" sap:unicode="false" sap:label="Item Status"
					sap:creatable="false" sap:updatable="false" sap:sortable="false" sap:filterable="false"/><Property Name="Msg" Type="Edm.String" Nullable="false" MaxLength="255" sap:unicode="false" sap:label="Char255" sap:creatable="false"
					sap:sortable="false" sap:filterable="false"/><Property Name="Status" Type="Edm.String" Nullable="false" sap:unicode="false" sap:label="Status of Item" sap:creatable="false"
					sap:updatable="false" sap:sortable="false" sap:filterable="false"/></EntityType>
			<EntityType Name="BCNoAction" sap:content-version="1">
				<Key><PropertyRef Name="Runid"/></Key><Property Name="Runid" Type="Edm.String" Nullable="false" MaxLength="10" sap:unicode="false" sap:label="Run indicator" sap:creatable="false"
					sap:updatable="false" sap:sortable="false"/><Property Name="LineNumber" Type="Edm.String" Nullable="false" MaxLength="5" sap:unicode="false" sap:label="Line Number"
					sap:creatable="false" sap:updatable="false" sap:sortable="false" sap:filterable="false"/><Property Name="ZbcValueDate" Type="Edm.DateTime" Nullable="false" Precision="7" sap:unicode="false" sap:label="Value Date"
					sap:creatable="false" sap:updatable="false" sap:sortable="false" sap:filterable="false"/><Property Name="Wrbtr" Type="Edm.Decimal" Nullable="false" Precision="14" Scale="3" sap:unicode="false" sap:unit="Waers" sap:label="Amount"
					sap:creatable="false" sap:updatable="false" sap:sortable="false" sap:filterable="false"/><Property Name="Waers" Type="Edm.String" Nullable="false" MaxLength="5" sap:unicode="false" sap:label="Currency" sap:creatable="false"
					sap:updatable="false" sap:sortable="false" sap:filterable="false" sap:semantics="currency-code"/><Property Name="ZbcDesc" Type="Edm.String" Nullable="false" MaxLength="200" sap:unicode="false" sap:label="Description"
					sap:creatable="false" sap:updatable="false" sap:sortable="false"/><Property Name="ZbcCustRef" Type="Edm.String" Nullable="false" MaxLength="30" sap:unicode="false" sap:label="Customer Reference"
					sap:creatable="false" sap:updatable="false" sap:sortable="false" sap:filterable="false"/><Property Name="ZbcBankRef" Type="Edm.String" Nullable="false" MaxLength="20" sap:unicode="false" sap:label="Bank Reference"
					sap:creatable="false" sap:updatable="false" sap:sortable="false" sap:filterable="false"/><Property Name="ZbcRecType" Type="Edm.String" Nullable="false" MaxLength="1" sap:unicode="false" sap:label="Record Type"
					sap:creatable="false" sap:updatable="false" sap:sortable="false" sap:filterable="false"/><Property Name="ZbcTranType" Type="Edm.String" Nullable="false" MaxLength="4" sap:unicode="false" sap:label="Transaction Type"
					sap:creatable="false" sap:updatable="false" sap:sortable="false" sap:filterable="false"/><Property Name="ZbcRemrk01" Type="Edm.String" Nullable="false" MaxLength="200" sap:unicode="false" sap:label="Remark" sap:creatable="false"
					sap:updatable="false" sap:sortable="false" sap:filterable="false"/></EntityType>
			<EntityType Name="BCHdr" sap:content-version="1">
				<Key><PropertyRef Name="Runid"/></Key><Property Name="Runid" Type="Edm.String" Nullable="false" MaxLength="10" sap:unicode="false" sap:label="Run indicator" sap:creatable="false"
					sap:updatable="false" sap:sortable="false" sap:filterable="false"/><Property Name="Filedate" Type="Edm.DateTime" Nullable="false" Precision="0" sap:unicode="false" sap:label="Date" sap:creatable="false"
					sap:updatable="false" sap:sortable="false" sap:filterable="false"/><Property Name="ZbcRecCnt" Type="Edm.String" Nullable="false" MaxLength="6" sap:unicode="false" sap:label="Record Count"
					sap:creatable="false" sap:updatable="false" sap:sortable="false" sap:filterable="false"/><Property Name="Bukrs" Type="Edm.String" Nullable="false" MaxLength="4" sap:unicode="false" sap:label="Company Code" sap:creatable="false"
					sap:updatable="false" sap:sortable="false" sap:filterable="false"/><Property Name="Gjahr" Type="Edm.String" Nullable="false" MaxLength="4" sap:unicode="false" sap:label="Fiscal Year" sap:creatable="false"
					sap:updatable="false" sap:sortable="false" sap:filterable="false"/><Property Name="Budat" Type="Edm.DateTime" Precision="0" sap:unicode="false" sap:label="Processed Date" sap:creatable="false"
					sap:updatable="false" sap:sortable="false" sap:filterable="false"/><Property Name="Totcr" Type="Edm.Decimal" Nullable="false" Precision="14" Scale="3" sap:unicode="false" sap:label="Credit Amount"
					sap:creatable="false" sap:updatable="false" sap:sortable="false" sap:filterable="false"/><Property Name="Totdr" Type="Edm.Decimal" Nullable="false" Precision="14" Scale="3" sap:unicode="false" sap:label="Debit Amount"
					sap:creatable="false" sap:updatable="false" sap:sortable="false" sap:filterable="false"/><Property Name="Zcreby" Type="Edm.String" Nullable="false" MaxLength="12" sap:unicode="false" sap:label="Entered By" sap:creatable="false"
					sap:updatable="false" sap:sortable="false" sap:filterable="false"/><Property Name="Zcredate" Type="Edm.DateTime" Precision="0" sap:unicode="false" sap:label="Creation Date" sap:creatable="false"
					sap:updatable="false" sap:sortable="false" sap:filterable="false"/><Property Name="ActFlg" Type="Edm.String" Nullable="false" MaxLength="1" sap:unicode="false" sap:label="Action Flag" sap:creatable="false"
					sap:updatable="false" sap:sortable="false" sap:filterable="false"/><Property Name="PostingDate" Type="Edm.DateTime" Precision="0" sap:unicode="false" sap:label="Posting Date" sap:creatable="false"
					sap:updatable="false" sap:sortable="false" sap:filterable="false"/><Property Name="Msg" Type="Edm.String" Nullable="false" MaxLength="255" sap:unicode="false" sap:label="Message" sap:creatable="false"
					sap:updatable="false" sap:sortable="false" sap:filterable="false"/><Property Name="ToFdate" Type="Edm.DateTime" Precision="0" sap:unicode="false" sap:label="File To Date" sap:creatable="false"
					sap:updatable="false" sap:sortable="false" sap:filterable="false"/><Property Name="ToBudat" Type="Edm.DateTime" Precision="0" sap:unicode="false" sap:label="Posting Date" sap:creatable="false"
					sap:updatable="false" sap:sortable="false" sap:filterable="false"/><NavigationProperty Name="BCDtlItem" Relationship="ZFAR_JPMC_CCLAIM_SRV.BCDtlItems" FromRole="FromRole_BCDtlItems"
					ToRole="ToRole_BCDtlItems"/></EntityType>
			<Association Name="BCDtlItems" sap:content-version="1"><End Type="ZFAR_JPMC_CCLAIM_SRV.BCHdr" Multiplicity="1" Role="FromRole_BCDtlItems"/><End Type="ZFAR_JPMC_CCLAIM_SRV.BCDtl" Multiplicity="*" Role="ToRole_BCDtlItems"/>
				<ReferentialConstraint>
					<Principal Role="FromRole_BCDtlItems"><PropertyRef Name="Runid"/></Principal>
					<Dependent Role="ToRole_BCDtlItems"><PropertyRef Name="Runid"/></Dependent>
				</ReferentialConstraint>
			</Association>
			<EntityContainer Name="ZFAR_JPMC_CCLAIM_SRV_Entities" m:IsDefaultEntityContainer="true" sap:supported-formats="atom json xlsx"><EntitySet Name="OperatingCashClaimSet" EntityType="ZFAR_JPMC_CCLAIM_SRV.OperatingCashClaim" sap:creatable="false" sap:updatable="false"
				sap:deletable="false" sap:pageable="false" sap:content-version="1"/><EntitySet Name="BankAccountsSet" EntityType="ZFAR_JPMC_CCLAIM_SRV.BankAccounts" sap:creatable="false" sap:updatable="false"
				sap:deletable="false" sap:pageable="false" sap:content-version="1"/><EntitySet Name="BankRulesSet" EntityType="ZFAR_JPMC_CCLAIM_SRV.BankRules" sap:creatable="false" sap:updatable="false" sap:deletable="false"
				sap:pageable="false" sap:content-version="1"/><EntitySet Name="BCDtlSet" EntityType="ZFAR_JPMC_CCLAIM_SRV.BCDtl" sap:creatable="false" sap:updatable="false" sap:deletable="false"
				sap:pageable="false" sap:content-version="1"/><EntitySet Name="BCNoActionSet" EntityType="ZFAR_JPMC_CCLAIM_SRV.BCNoAction" sap:creatable="false" sap:updatable="false"
				sap:deletable="false" sap:pageable="false" sap:content-version="1"/><EntitySet Name="BCHdrSet" EntityType="ZFAR_JPMC_CCLAIM_SRV.BCHdr" sap:creatable="false" sap:updatable="false" sap:deletable="false"
				sap:pageable="false" sap:content-version="1"/>
				<AssociationSet Name="BCDtlItemsSet" Association="ZFAR_JPMC_CCLAIM_SRV.BCDtlItems" sap:creatable="false" sap:updatable="false"
					sap:deletable="false" sap:content-version="1"><End EntitySet="BCHdrSet" Role="FromRole_BCDtlItems"/><End EntitySet="BCDtlSet" Role="ToRole_BCDtlItems"/></AssociationSet>
			</EntityContainer><atom:link xmlns:atom="http://www.w3.org/2005/Atom" rel="self"
				href="https://vhcrlgwdci.hec.weill.cornell.edu:8080/sap/opu/odata/sap/ZFAR_JPMC_CCLAIM_SRV/$metadata"/><atom:link xmlns:atom="http://www.w3.org/2005/Atom" rel="latest-version"
				href="https://vhcrlgwdci.hec.weill.cornell.edu:8080/sap/opu/odata/sap/ZFAR_JPMC_CCLAIM_SRV/$metadata"/></Schema>
	</edmx:DataServices>
</edmx:Edmx>