{
	"fDtf":"",
	"fDtt":"",
	"pDtf":"",
	"pDtt":"",
	"chkVal":"",
	
	"aCrDb":[
	{
	"data":"Credit"
	},
	{
	"data":"Debit"
	}
	],
	
	"aRemOptInsert":[
	{
	"scrut":"Equals To"
	},
	{
	"scrut":"Contains Pattern"
	},
	{
	"scrut":"Conatains String"
	},
	{
	"scrut":"Begins With"
	},
	{
	"scrut":"Ends With"
	}
	],
	
	"jSonObjTobe": [{
		"Runid":" ",
        "LineNumber": " ",
        "Saknr": " ",
		"Geber":" "
		}],
		
	"fdSelect":[
		{"ddVal":"Search Using Name"},
		{"ddVal":"Search Via Customer"},
		{"ddVal":"Search using attributes"},
		{"ddVal":"Search using controlling area"}
		]
		
	
}
